{
  "project_info": {
    "project_number": "651407729491",
    "project_id": "firebase-arquisms"
  },
  "client": [
    {
      "client_info": {
        "mobilesdk_app_id": "1:651407729491:android:77ce53c36597f992",
        "android_client_info": {
          "package_name": "smsapp.test"
        }
      },
      "oauth_client": [],
      "api_key": [
        {
          "current_key": "AIzaSyAC0uHCGtN6pfgiOk0W84gZNDdWrDNo0A4"
        }
      ],
      "services": {
        "analytics_service": {
          "status": 1
        },
        "appinvite_service": {
          "status": 1,
          "other_platform_oauth_client": []
        },
        "ads_service": {
          "status": 1
        }
      }
    }
  ],
  "configuration_version": "1"
}